,title,production_budget,domestic_gross,worldwide_gross
4253,10 Cloverfield Lane,5000000,72100000,108300000
350,"10,000 B.C.",105000000,94800000,269100000
505,102 Dalmatians,85000000,66900000,66900000
2017,12 Monkeys,29000000,57100000,168800000
2517,12 Years a Slave,20000000,56700000,181000000
1595,13 Going On 30,37000000,57100000,97700000
1129,13 Hours: The Secret Soldiers of Benghazi,50000000,52900000,69400000
2401,1408,22500000,72000000,131300000
1419,17 Again,40000000,64200000,139500000
622,2 Fast 2 Furious,76000000,127100000,236400000
838,2 Guns,61000000,75600000,132500000
3526,2001: A Space Odyssey,10500000,59900000,71900000
58,2012,200000000,166100000,757700000
1638,21,35000000,81200000,159800000
1343,21 Jump Street,42000000,138400000,202800000
1084,22 Jump Street,50000000,191700000,331300000
1862,27 Dresses,30000000,76800000,160200000
2995,3 Men and a Baby,15000000,167800000,167800000
844,300,60000000,210600000,454200000
325,300: Rise of an Empire,110000000,106600000,330800000
1224,3:10 to Yuma,48000000,53600000,71200000
1821,42,31000000,95000000,97500000
638,50 First Dates,75000000,120800000,196300000
1369,8 Mile,41000000,116700000,245800000
2039,A Bad Moms Christmas,28000000,72100000,127700000
611,A Beautiful Mind,78000000,170700000,317700000
1252,A Bug's Life,45000000,162800000,363100000
886,A Civil Action,60000000,56700000,56700000
2185,A Dogâs Purpose,25000000,64300000,203700000
1769,A Few Good Men,33000000,141300000,236500000
433,A Good Day to Die Hard,92000000,67300000,304200000
1371,A Knightâs Tale,41000000,56100000,100600000
1388,A League of Their Own,40000000,107500000,132400000
1648,A Nightmare on Elm Street,35000000,63100000,117700000
2865,A Quiet Place,17000000,188000000,334500000
2523,A Simple Favor,20000000,53500000,97600000
1604,A Star is Born,36000000,215300000,433400000
1387,A Time to Kill,40000000,108800000,152300000
357,A Wrinkle in Time,103000000,100500000,133400000
710,AVP: Alien Vs. Predator,70000000,80300000,172500000
1870,About Schmidt,30000000,65000000,107100000
3350,Ace Ventura: Pet Detective,12000000,72200000,107200000
1849,Ace Ventura: When Nature Calls,30000000,108400000,212400000
3351,Act of Valor,12000000,70000000,82500000
252,After Earth,130000000,60500000,251500000
491,Air Force One,85000000,173000000,315300000
4587,Airplane!,3500000,83500000,83500000
80,Aladdin,182000000,246700000,619200000
2043,"Alexander and the Terrible, Horrible, No Good, Very Bad Day",28000000,67000000,101400000
344,Ali,109000000,58200000,87700000
125,Alice Through the Looking Glass,170000000,77000000,276900000
50,Alice in Wonderland,200000000,334200000,1025500000
3520,Alien,10700000,80900000,203600000
1016,Alien 3,55000000,54900000,158500000
411,Alien: Covenant,97000000,74300000,238500000
2867,Aliens,17000000,85200000,183300000
123,Alita: Battle Angel,170000000,85700000,403000000
1346,Along Came Polly,42000000,88100000,173000000
2038,Along Came a Spider,28000000,74100000,105200000
982,Alvin and the Chipmunks,55000000,217300000,362600000
548,Alvin and the Chipmunks: Chipwrecked,80000000,133100000,349100000
455,Alvin and the Chipmunks: The Road Chip,90000000,85900000,249500000
694,Alvin and the Chipmunks: The Squeakquel,70000000,219600000,443500000
1244,America's Sweethearts,46000000,93600000,160600000
2997,American Beauty,15000000,130100000,356300000
371,American Gangster,100000000,130200000,268000000
5372,American Graffiti,777000,115000000,140000000
1379,American Hustle,40000000,150100000,257900000
3343,American Pie,12000000,101800000,234700000
1840,American Pie 2,30000000,145100000,286500000
1125,American Reunion,50000000,56800000,236800000
956,American Sniper,58000000,350100000,547300000
993,American Wedding,55000000,104400000,126400000
1274,Anaconda,45000000,65600000,137000000
1851,Analyze This,30000000,106900000,176900000
1059,Anastasia,53000000,58400000,139800000
1091,Anchorman 2: The Legend Continues,50000000,127400000,172200000
2171,Anchorman: The Legend of Ron Burgundy,25000000,84100000,89500000
180,Angels & Demons,150000000,133400000,490900000
977,Anger Management,56000000,135600000,195700000
4083,Annabelle,6500000,84300000,256900000
3001,Annabelle: Creation,15000000,102100000,305400000
788,Annie,65000000,85900000,139800000
242,Ant-Man,130000000,180200000,518900000
240,Ant-Man and the Wasp,130000000,216600000,623100000
860,Antz,60000000,90800000,152500000
871,Any Given Sunday,60000000,75500000,100200000
1819,Apocalypse Now,31500000,78800000,81300000
774,Apollo 13,65000000,173800000,335800000
135,Aquaman,160000000,335100000,1146900000
1828,Arachnophobia,31000000,53200000,53200000
2503,Are We There Yet?,20000000,82700000,98100000
1326,Argo,44500000,136000000,227100000
207,Armageddon,140000000,201600000,554600000
1233,Arrival,47000000,100500000,203100000
459,Artificial Intelligence: AI,90000000,78600000,235900000
1088,As Good as it Gets,50000000,148500000,314100000
279,Assassinâs Creed,125000000,54600000,240800000
456,Atlantis: The Lost Empire,90000000,84100000,186000000
825,Austin Powers in Goldmember,63000000,213100000,296300000
2778,Austin Powers: International Man of Mystery,18000000,53900000,67700000
1627,Austin Powers: The Spy Who Shagged Me,35000000,206000000,312400000
0,Avatar,425000000,760500000,2776300000
3,Avengers: Age of Ultron,330600000,459000000,1403000000
6,Avengers: Infinity War,300000000,678800000,2048100000
1873,Babe,30000000,63700000,246100000
1758,Baby Driver,34000000,107800000,228100000
1878,Baby Mama,30000000,60500000,64200000
2723,Back to the Future,19000000,212300000,385500000
1384,Back to the Future Part II,40000000,118500000,332000000
1398,Back to the Future Part III,40000000,88100000,244100000
2371,Bad Boys,23000000,65600000,141200000
247,Bad Boys II,130000000,138500000,273300000
2498,Bad Moms,20000000,113300000,181000000
2774,Bad Santa,18000000,60100000,77100000
2726,Bad Teacher,19000000,100300000,215400000
5346,Bambi,858000,102800000,268000000
3348,Barbershop,12000000,75800000,77100000
2772,Barbershop 2: Back in Business,18000000,65100000,65800000
2521,Barbershop: The Next Cut,20000000,54000000,54400000
1077,Barnyard: The Original Party Animals,51000000,72800000,118600000
1626,Batman,35000000,251200000,411300000
276,Batman & Robin,125000000,107300000,238300000
166,Batman Begins,150000000,205300000,359100000
365,Batman Forever,100000000,184000000,336500000
542,Batman Returns,80000000,162800000,266800000
17,Batman v Superman: Dawn of Justice,250000000,330400000,867500000
709,Battle: Los Angeles,70000000,83600000,213500000
31,Battleship,220000000,65200000,313500000
885,Baywatch,60000000,58100000,175900000
651,Be Cool,75000000,55800000,94900000
134,Beauty and the Beast,160000000,504000000,1259200000
3355,Beavis and Butt-Head Do America,12000000,63100000,63100000
555,Bedtime Stories,80000000,110100000,221500000
183,Bee Movie,150000000,126600000,287600000
3006,Beetlejuice,15000000,73800000,73900000
1423,Behind Enemy Lines,40000000,58900000,58900000
3007,Ben-Hur,15000000,73000000,73300000
187,Beowulf,150000000,82300000,195100000
2501,Beverly Hills Chihuahua,20000000,94500000,154200000
2992,Beverly Hills Cop,15000000,234800000,316300000
2490,Beverly Hills Cop II,20000000,153700000,276700000
581,Bewitched,80000000,63300000,131200000
470,Bicentennial Man,90000000,58200000,87400000
2766,Big,18000000,115000000,151700000
1839,Big Daddy,30000000,163500000,228600000
716,Big Fish,70000000,66400000,124000000
128,Big Hero 6,165000000,222500000,652100000
1770,Big Momma's House,33000000,117600000,173600000
1414,Big Momma's House 2,40000000,70200000,137000000
5357,Billy Jack,800000,98000000,98000000
414,Black Hawk Down,95000000,108600000,159700000
1058,Black Mass,53000000,62600000,98800000
41,Black Panther,200000000,700100000,1348300000
3245,Black Swan,13000000,107000000,331300000
1270,Blade,45000000,70100000,131200000
1049,Blade 2,54000000,81700000,154300000
79,Blade Runner 2049,185000000,92100000,259400000
799,Blade: Trinity,65000000,52400000,131400000
836,Blades of Glory,61000000,118600000,145600000
4800,Blazing Saddles,2600000,119500000,119500000
2459,Blockers,21000000,60300000,94000000
388,Blood Diamond,100000000,57400000,171400000
1889,Blow,30000000,53000000,83300000
1607,Blue Streak,36000000,68200000,117400000
983,Bohemian Rhapsody,55000000,216300000,895000000
185,Bolt,150000000,114100000,328000000
3542,Book Club,10000000,68600000,91100000
1347,Boomerang,42000000,70100000,131100000
2764,Borat,18000000,128500000,261400000
3176,Born on the Fourth of July,14000000,70000000,70000000
1009,Bowfinger,55000000,66500000,98700000
4085,Boyz n the Hood,6500000,56200000,56200000
1402,Bram Stoker's Dracula,40000000,82500000,215900000
76,Brave,185000000,237300000,554600000
684,Braveheart,72000000,75500000,209000000
1880,Bride Wars,30000000,58700000,115200000
1784,Bridesmaids,32500000,169200000,289600000
1409,Bridge of Spies,40000000,72300000,162500000
2173,Bridge to Terabithia,25000000,82200000,138000000
2181,Bridget Jones's Diary,25000000,71500000,281500000
3543,Bring it On,10000000,68400000,90500000
2493,Bringing Down the House,20000000,132700000,164700000
3229,Brokeback Mountain,13900000,83000000,177000000
791,Broken Arrow,65000000,70600000,148300000
536,Bruce Almighty,81000000,242700000,484500000
1348,BrÃ¼no,42000000,60100000,138700000
361,Bumblebee,102000000,127200000,465200000
1594,Burn After Reading,37000000,60400000,168200000
4115,Butch Cassidy and the Sundance Kid,6000000,102300000,102300000
1640,Cape Fear,35000000,79100000,182300000
16,Captain America: Civil War,250000000,408100000,1140100000
209,Captain America: The First Avenger,140000000,176700000,370600000
115,Captain America: The Winter Soldier,170000000,259700000,714400000
95,Captain Marvel,175000000,426500000,1123100000
991,Captain Phillips,55000000,107100000,220600000
1558,Captain Underpants: The First Epic Movie,38000000,73900000,126600000
693,Cars,70000000,244100000,461700000
56,Cars 2,200000000,191500000,560200000
104,Cars 3,175000000,152900000,383500000
359,Casino Royale,102000000,167400000,594400000
997,Casper,55000000,100300000,282300000
487,Cast Away,85000000,233600000,427200000
1066,Catch Me if You Can,52000000,164600000,355600000
858,Cats & Dogs,60000000,93400000,200700000
1090,Central Intelligence,50000000,127400000,217200000
1273,Changing Lanes,45000000,66800000,66800000
4214,Chariots of Fire,5500000,61600000,61900000
649,Charlie Wilson's War,75000000,66700000,119500000
163,Charlie and the Chocolate Factory,150000000,206500000,475800000
447,Charlie's Angels,90000000,125300000,259700000
290,Charlie's Angels: Full Throttle,120000000,100800000,227200000
529,Charlotte's Web,82500000,83000000,144000000
1381,Cheaper by the Dozen,40000000,138600000,190200000
865,Cheaper by the Dozen 2,60000000,82600000,135000000
1838,Chicago,30000000,170700000,306800000
178,Chicken Little,150000000,135400000,310000000
1345,Chicken Run,42000000,106800000,227800000
2182,Chocolat,25000000,71300000,152500000
1116,Christmas with the Kranks,50000000,73700000,96500000
642,Christopher Robin,75000000,99200000,197500000
3354,Chronicle,12000000,64600000,123700000
412,Cinderella,95000000,201200000,534600000
482,Cinderella Man,88000000,61600000,105000000
1003,City of Angels,55000000,78800000,198800000
271,Clash of the Titans,125000000,163200000,493200000
829,Clear and Present Danger,62000000,122000000,207500000
1349,Cleopatra,42000000,57000000,71000000
528,Click,82500000,137400000,237700000
789,Cliffhanger,65000000,84000000,255000000
2489,Close Encounters of the Third Kind,20000000,169100000,340800000
372,Cloudy with a Chance of Meatballs,100000000,124900000,236800000
612,Cloudy with a Chance of Meatballs 2,78000000,119800000,274400000
2175,Cloverfield,25000000,80000000,171300000
3230,Clueless,13700000,56600000,56600000
1271,Coach Carter,45000000,67300000,76700000
3010,Coal Miner's Daughter,15000000,67200000,67200000
101,Coco,175000000,209700000,798000000
562,Cold Mountain,80000000,95600000,165200000
857,Collateral,60000000,100200000,217700000
560,Con Air,80000000,101100000,224100000
1110,Congo,50000000,81000000,152000000
572,Conspiracy Theory,80000000,76100000,142800000
646,Constantine,75000000,76000000,221600000
451,Contact,90000000,100900000,165900000
870,Contagion,60000000,75700000,137600000
2184,Contraband,25000000,66500000,98400000
3177,Cool Runnings,14000000,68900000,155100000
873,Coraline,60000000,75300000,126000000
1886,Corpse Bride,30000000,53400000,114800000
851,Couples Retreat,60000000,109200000,172500000
1248,Courage Under Fire,46000000,59000000,100800000
133,Cowboys and Aliens,163000000,100400000,176000000
1276,Coyote Ugly,45000000,60800000,113900000
3978,Crash,7303082,55300000,101200000
1837,Crazy Rich Asians,30000000,174500000,238100000
1107,"Crazy, Stupid, Love",50000000,84400000,147100000
1590,Creed,37000000,109800000,173600000
1095,Creed II,50000000,115700000,213600000
1000,Crimson Tide,55000000,91400000,159400000
3826,Crocodile Dundee,8800000,174800000,328200000
3175,Crocodile Dundee 2,14000000,109300000,239600000
2998,"Crouching Tiger, Hidden Dragon",15000000,128100000,213500000
1124,Curious George,50000000,58600000,71100000
854,Daddy Day Care,60000000,104100000,164300000
1087,Daddyâs Home,50000000,150400000,242800000
704,Daddyâs Home 2,70000000,104000000,175800000
2724,Dances with Wolves,19000000,184200000,424200000
308,Dante's Peak,115000000,67200000,178200000
558,Daredevil,80000000,102500000,182800000
188,Dark Shadows,150000000,79700000,238200000
1883,Darkest Hour,30000000,56400000,150800000
998,Date Night,55000000,98700000,152300000
2047,Dawn of the Dead,28000000,59000000,103500000
116,Dawn of the Planet of the Apes,170000000,208500000,710600000
864,Days of Thunder,60000000,82700000,157700000
2926,Dead Poets Society,16400000,95900000,239500000
955,Deadpool,58000000,363100000,801000000
314,Deadpool 2,110000000,324600000,786700000
2176,Dear John,25000000,80000000,142000000
1012,Death Becomes Her,55000000,58400000,149000000
875,Deep Blue Sea,60000000,73600000,165000000
546,Deep Impact,80000000,140500000,349500000
146,Deepwater Horizon,156000000,61400000,122600000
749,Despicable Me,69000000,251500000,543500000
621,Despicable Me 2,76000000,368100000,975200000
629,Despicable Me 3,75000000,264600000,1034700000
2771,Deuce Bigalow: Male Gigolo,18000000,65500000,92900000
971,Devil's Advocate,57000000,61000000,153000000
3012,Diary of a Wimpy Kid,15000000,64000000,77000000
2779,Diary of a Wimpy Kid: Rodrick Rules,18000000,52700000,73700000
1232,Dick Tracy,47000000,103700000,162700000
204,Die Another Day,142000000,160900000,431900000
2037,Die Hard,28000000,81400000,139100000
702,Die Hard 2,70000000,117300000,239800000
453,Die Hard: With a Vengeance,90000000,100000000,366100000
750,Dinner for Schmucks,69000000,73000000,86800000
257,Dinosaur,127500000,137700000,356100000
1002,Disclosure,55000000,83000000,212200000
1103,Disney Planes,50000000,90300000,238100000
70,Disneyâs A Christmas Carol,190000000,137900000,315700000
1846,District 9,30000000,115600000,212500000
2506,Disturbia,20000000,80800000,118500000
494,Divergent,85000000,150900000,276000000
368,Django Unchained,100000000,162800000,449900000
690,Doctor Dolittle,71500000,144200000,294200000
762,Doctor Seuss' The Lorax,67500000,214000000,351000000
127,Doctor Strange,165000000,232600000,676400000
3466,Doctor Zhivago,11000000,111900000,112000000
1847,Dodgeball: A True Underdog Story,30000000,114300000,167800000
1592,Dolphin Tale,37000000,72300000,96100000
3538,Donât Breathe,10000000,89200000,159000000
1128,Donât Say a Word,50000000,55000000,104500000
1385,Double Jeopardy,40000000,116700000,177800000
1872,Down to Earth,30000000,64200000,71200000
683,Dr. Dolittle 2,72000000,113000000,176100000
627,Dr. Seussâ The Grinch,75000000,270600000,511000000
720,Dracula Untold,70000000,56000000,220200000
641,Dreamgirls,75000000,103400000,155700000
3952,Driving Miss Daisy,7500000,106600000,106600000
2518,Drumline,20000000,56400000,56400000
783,Due Date,65000000,100500000,211700000
2927,Dumb & Dumber,16000000,127200000,246400000
1400,Dumb and Dumber To,40000000,86200000,156600000
121,Dumbo,170000000,113900000,345000000
168,Dunkirk,150000000,190100000,499800000
579,DÃ©jÃ Vu,80000000,64000000,181000000
3525,ET: The Extra-Terrestrial,10500000,435100000,793000000
559,Eagle Eye,80000000,101400000,180600000
3866,Easy A,8000000,58400000,76200000
866,Eat Pray Love,60000000,80600000,206600000
94,Edge of Tomorrow,178000000,100200000,370500000
2522,Edward Scissorhands,20000000,54000000,54000000
1403,Eight Below,40000000,81600000,120500000
1788,Elf,32000000,173800000,220700000
291,Elysium,120000000,93100000,286200000
497,Enchanted,85000000,127700000,340400000
385,End of Days,100000000,66900000,212000000
335,Ender's Game,110000000,61700000,128000000
502,Enemy of the State,85000000,111500000,250600000
767,Entrapment,66000000,87700000,211700000
376,Epic,100000000,107500000,262800000
382,Eragon,100000000,75000000,249500000
377,Eraser,100000000,101300000,234400000
1094,Erin Brockovich,50000000,125500000,257800000
1427,Escape From Planet Earth,40000000,57000000,74200000
108,Evan Almighty,175000000,100300000,174100000
2126,Ever After: A Cinderella Story,26000000,65700000,65700000
2876,Evil Dead,17000000,54200000,97800000
1014,Executive Decision,55000000,56700000,122100000
215,Exodus: Gods and Kings,140000000,65000000,268300000
796,Eyes Wide Shut,65000000,55700000,104300000
554,Face/Off,80000000,112300000,241200000
4114,Fahrenheit 9/11,6000000,119100000,221100000
1104,Failure to Launch,50000000,88700000,128400000
4868,Fantasia,2280000,83300000,83300000
576,Fantasia 2000 (Theatrical Release),80000000,69600000,69600000
84,Fantastic Beasts and Where to Find Them,180000000,234000000,802400000
59,Fantastic Beasts: The Crimes of Grindelwald,200000000,159600000,652200000
484,Fantastic Four,87500000,154700000,333100000
286,Fantastic Four: Rise of the Silver Surfer,120000000,131900000,289500000
492,Fast & Furious,85000000,155100000,363100000
266,Fast Five,125000000,210000000,630200000
139,Fast and Furious 6,160000000,238700000,789300000
3172,Fatal Attraction,14000000,156600000,320100000
2336,Fences,24000000,57700000,64300000
313,Ferdinand,111000000,84400000,289800000
3769,Fiddler on the Roof,9000000,80500000,80500000
990,Fifty Shades Darker,55000000,114400000,381400000
996,Fifty Shades Freed,55000000,100400000,371400000
1377,Fifty Shades of Grey,40000000,166200000,571000000
2373,Final Destination,23000000,53300000,112000000
2190,Final Destination 3,25000000,54100000,112800000
45,Finding Dory,200000000,486300000,1021200000
424,Finding Nemo,94000000,380500000,936400000
3988,Flashdance,7000000,90500000,201500000
2127,Flatliners,26000000,61300000,61300000
1822,Flight,31000000,93800000,160600000
1001,Flightplan,55000000,89700000,214400000
564,Flubber,80000000,93000000,178000000
195,Flushed Away,149000000,64700000,179400000
798,Focus,65000000,53900000,168100000
680,Fool's Gold,72500000,70200000,109400000
3860,Footloose,8200000,80000000,80000000
2048,For Your Eyes Only,28000000,54800000,195300000
1875,Forgetting Sarah Marshall,30000000,63200000,105200000
981,Forrest Gump,55000000,330200000,679900000
1866,Four Brothers,30000000,74500000,92500000
553,Four Christmases,80000000,120100000,168300000
4424,Four Weddings and a Funeral,4500000,52700000,242900000
2120,Freaky Friday,26000000,110200000,160800000
2172,Freddy vs. Jason,25000000,82600000,114600000
1015,Free Birds,55000000,55800000,110400000
2507,Free Willy,20000000,77700000,153700000
1876,Friday Night Lights,30000000,61300000,62000000
2873,Friday the 13th,17000000,65000000,92700000
3469,Fried Green Tomatoes,11000000,81200000,81200000
1654,Friends with Benefits,35000000,55800000,146600000
155,Frozen,150000000,400700000,1272500000
214,Fun With Dick And Jane,140000000,110600000,203000000
66,Furious 7,190000000,353000000,1518700000
567,Fury,80000000,85800000,210300000
184,G-Force,150000000,119400000,292800000
212,G.I. Joe: Retaliation,140000000,122500000,375700000
105,G.I. Joe: The Rise of Cobra,175000000,150200000,302500000
1268,Galaxy Quest,45000000,71400000,90500000
1593,Game Night,37000000,69200000,117400000
2413,Gandhi,22000000,52800000,127800000
410,Gangs of New York,97000000,77700000,183100000
1115,Garfield: The Movie,50000000,75400000,208100000
992,George Of The Jungle,55000000,105300000,174500000
1396,Get Hard,40000000,90400000,106500000
1421,Get Him to the Greek,40000000,61200000,91500000
4248,Get Out,5000000,176000000,255400000
1834,Get Shorty,30250000,72000000,115000000
549,Get Smart,80000000,130300000,226700000
2404,Ghost,22000000,217600000,517600000
288,Ghost Rider,120000000,115800000,229500000
203,Ghostbusters,144000000,128400000,229000000
2035,Girls Trip,28000000,115100000,140900000
355,Gladiator,103000000,187700000,457700000
2499,Glass,20000000,111000000,245300000
1605,Gnomeo and Juliet,36000000,100000000,193700000
273,Godzilla,125000000,136300000,376000000
124,Godzilla: King of the Monsters,170000000,85600000,299300000
5189,Godâs Not Dead,1150000,60800000,63800000
852,Goldeneye,60000000,106400000,356400000
835,Gone Girl,61000000,167800000,368600000
354,Gone in 60 Seconds,103300000,101600000,232600000
4567,Gone with the Wind,3900000,198700000,390500000
3244,Good Morning Vietnam,13000000,123900000,123900000
3536,Good Will Hunting,10000000,138400000,225900000
957,Goosebumps,58000000,80100000,158900000
1422,Gothika,40000000,59600000,141500000
2164,Gran Torino,25000000,148100000,274500000
315,Gravity,110000000,274100000,693700000
4112,Grease,6000000,181800000,387500000
2370,Green Book,23000000,85100000,322000000
61,Green Lantern,200000000,116600000,219500000
3465,Gremlins,11000000,148200000,148200000
3164,Groundhog Day,14600000,70900000,70900000
633,Grown Ups,75000000,162000000,272200000
547,Grown Ups 2,80000000,133700000,247000000
113,Guardians of the Galaxy,170000000,333200000,770900000
48,Guardians of the Galaxy Vol 2,200000000,389800000,862300000
1643,Guess Who,35000000,68900000,102100000
1416,Hacksaw Ridge,40000000,67200000,168900000
639,Hairspray,75000000,118900000,203000000
3014,Halloween,15000000,58300000,77500000
2875,Halloween: H2O,17000000,55000000,55000000
162,Hancock,150000000,227900000,624200000
1861,Hannah Montana the Movie,30000000,79600000,169200000
4084,Hannah Montana/Miley Cyrus: Best of Both Worlds Concert Tour,6500000,65300000,70700000
485,Hannibal,87000000,165100000,350100000
1126,Hansel & Gretel: Witch Hunters,50000000,55700000,214900000
4257,Happy Death Day,5000000,55700000,125000000
488,Happy Feet,85000000,198000000,385000000
232,Happy Feet Two,135000000,64000000,158000000
1877,Harlem Nights,30000000,60900000,95900000
363,Harry Potter and the Chamber of Secrets,100000000,262200000,879200000
263,Harry Potter and the Deathly Hallows: Part I,125000000,296100000,960400000
260,Harry Potter and the Deathly Hallows: Part II,125000000,381200000,1341700000
158,Harry Potter and the Goblet of Fire,150000000,290200000,897100000
19,Harry Potter and the Half-Blood Prince,250000000,302100000,935200000
157,Harry Potter and the Order of the Phoenix,150000000,292100000,943100000
238,Harry Potter and the Prisoner of Azkaban,130000000,249800000,796900000
262,Harry Potter and the Sorcererâs Stone,125000000,317900000,975000000
1392,He's Just Not That Into You,40000000,94000000,181100000
3003,Heaven Can Wait,15000000,98800000,98800000
3345,Heaven is for Real,12000000,91400000,100900000
883,Hellboy,60000000,59600000,99800000
531,Hellboy II: The Golden Army,82500000,76000000,160400000
1121,Herbie: Fully Loaded,50000000,66000000,144100000
383,Hercules,100000000,72700000,243400000
614,Hidalgo,78000000,67300000,108100000
2163,Hidden Figures,25000000,169600000,231800000
3468,High School Musical 3: Senior Year,11000000,90600000,274400000
984,Hitch,55000000,177800000,366800000
2512,Holes,20000000,67400000,71200000
461,Hollow Man,90000000,73200000,191200000
243,Home,130000000,177400000,386000000
2991,Home Alone,15000000,285800000,476700000
2488,Home Alone 2: Lost in New York,20000000,173600000,359000000
701,Hook,70000000,119700000,300900000
826,Hop,63000000,108100000,188700000
1879,Hope Floats,30000000,60100000,81500000
1874,Hope Springs,30000000,63500000,133100000
1633,Horrible Bosses,35000000,117500000,212400000
1430,Horrible Bosses 2,40000000,54400000,105900000
493,Horton Hears a Who,85000000,154500000,299500000
495,Hotel Transylvania,85000000,148300000,378500000
541,Hotel Transylvania 2,80000000,169700000,469500000
776,Hotel Transylvania 3: Summer Vacation,65000000,167500000,527100000
1642,Hotel for Dogs,35000000,73200000,122400000
282,How the Grinch Stole Christmas,123000000,260000000,345100000
1097,How to Lose a Guy in 10 Days,50000000,105800000,178900000
129,How to Train Your Dragon,165000000,217600000,494900000
198,How to Train Your Dragon 2,145000000,177000000,614600000
255,How to Train Your Dragon: The Hidden World,129000000,160800000,519300000
88,Hugo,180000000,73900000,180000000
222,Hulk,137000000,132200000,245100000
3989,I Can Only Imagine,7000000,83500000,85600000
2869,I Know What You Did Last Summer,17000000,72300000,125300000
1411,"I Love You, Man",40000000,72000000,92300000
499,I Now Pronounce You Chuck and Larry,85000000,119700000,185700000
160,I am Legend,150000000,256400000,585500000
1127,I am Number Four,50000000,55100000,146200000
347,"I, Robot",105000000,144800000,348600000
773,Ice Age,65000000,176400000,386100000
351,Ice Age: Collision Course,105000000,64100000,402200000
413,Ice Age: Continental Drift,95000000,161300000,879800000
442,Ice Age: Dawn of the Dinosaurs,90000000,196600000,859700000
631,Ice Age: The Meltdown,75000000,195300000,651900000
1631,Identity Thief,35000000,134500000,175400000
644,Immortals,75000000,83500000,211600000
1647,In & Out,35000000,63800000,83200000
137,Inception,160000000,292600000,835500000
43,Incredibles 2,200000000,608600000,1242500000
626,Independence Day,75000000,306200000,817400000
132,Independence Day: Resurgence,165000000,103100000,384200000
75,Indiana Jones and the Kingdom of the Crystal Skull,185000000,317100000,786600000
1213,Indiana Jones and the Last Crusade,48000000,197200000,474200000
2033,Indiana Jones and the Temple of Doom,28000000,179900000,333100000
700,Inglourious Basterds,70000000,120800000,316900000
1105,Inside Man,50000000,88600000,185800000
97,Inside Out,175000000,356500000,854200000
5062,Insidious,1500000,54000000,99900000
4252,Insidious Chapter 2,5000000,83600000,161900000
3544,Insidious: The Last Key,10000000,67700000,167900000
1246,Insomnia,46000000,67300000,113600000
643,Inspector Gadget,75000000,97400000,97400000
1219,Instant Family,48000000,67400000,119700000
131,Interstellar,165000000,188000000,666400000
1098,Interview with the Vampire: The Vampire Chronicles,50000000,105300000,223600000
976,Into the Woods,56200000,128000000,213100000
1426,Invincible,40000000,57800000,58500000
73,Iron Man,186000000,318600000,585200000
114,Iron Man 2,170000000,312400000,621200000
47,Iron Man 3,200000000,409000000,1215400000
1623,It,35000000,327500000,697500000
501,Itâs Complicated,85000000,112700000,224600000
1413,JFK,40000000,70400000,205400000
1278,Jack,45000000,58600000,58600000
867,Jack Reacher,60000000,80100000,217400000
884,Jack Reacher: Never Go Back,60000000,58700000,159900000
610,Jack and Jill,79000000,74200000,150500000
65,Jack the Giant Slayer,195000000,65200000,197700000
2497,Jackass 3D,20000000,117200000,171700000
3002,Jackass Presents: Bad Grandpa,15000000,102000000,160900000
3470,Jackass: Number Two,11000000,72800000,85300000
4256,Jackass: The Movie,5000000,64300000,79300000
685,Jarhead,72000000,62600000,96900000
285,Jason Bourne,120000000,162200000,416200000
3340,Jaws,12000000,260000000,470700000
2500,Jaws 2,20000000,102900000,208900000
1086,Jerry Maguire,50000000,154000000,274000000
2877,Jet Li's Hero,17000000,53700000,177500000
2174,Jimmy Neutron: Boy Genius,25000000,80900000,103000000
882,Jingle All the Way,60000000,60600000,129800000
13,John Carter,275000000,73100000,282800000
1606,John Q,36000000,71000000,102200000
1380,John Wick: Chapter 3 â Parabellum,40000000,141700000,256500000
1393,John Wick: Chapter Two,40000000,92000000,171400000
609,Journey 2: The Mysterious Island,79000000,103900000,318100000
1258,Journey to the Center of the Earth,45000000,101700000,243200000
887,Joy,60000000,56500000,101100000
1391,Julie & Julia,40000000,94100000,126600000
785,Jumanji,65000000,100500000,262800000
437,Jumanji: Welcome to the Jungle,90000000,404500000,964500000
530,Jumper,82500000,80200000,222600000
3985,Juno,7000000,143500000,231500000
824,Jurassic Park,63000000,395700000,1038800000
429,Jurassic Park III,93000000,181200000,365900000
33,Jurassic World,215000000,652300000,1648900000
112,Jurassic World: Fallen Kingdom,170000000,417700000,1305800000
557,Just Go With It,80000000,103000000,215000000
2729,Just Married,19000000,56100000,101600000
8,Justice League,300000000,229000000,655900000
3247,Justin Bieber: Never Say Never,13000000,73000000,99000000
877,Kangaroo Jack,60000000,66700000,90700000
1283,Kicking and Screaming,45000000,52800000,55800000
1007,Kill Bill: Volume 1,55000000,70100000,176500000
1010,Kill Bill: Volume 2,55000000,66200000,153500000
2123,Kindergarten Cop,26000000,91500000,202000000
2374,King Kong,23000000,52600000,90600000
353,Kingsman: The Golden Circle,104000000,100200000,408800000
428,Kingsman: The Secret Service,94000000,128300000,404600000
2093,Kiss the Girls,27000000,60500000,60500000
301,Knight and Day,117000000,76400000,258800000
2081,Knocked Up,27500000,148800000,219300000
1111,Knowing,50000000,80000000,186500000
77,Kong: Skull Island,185000000,168100000,561100000
241,Kung Fu Panda,130000000,215400000,631900000
173,Kung Fu Panda 2,150000000,165200000,664800000
210,Kung Fu Panda 3,140000000,143500000,517600000
1645,L.A. Confidential,35000000,64600000,126200000
4086,La Bamba,6500000,54200000,54200000
2491,La La Land,20000000,151100000,426400000
4634,La marche de l'empereur,3400000,77400000,133300000
2516,La vita Ã¨ bella,20000000,57600000,229400000
874,Ladder 49,60000000,74500000,102300000
427,Lara Croft: Tomb Raider,94000000,131100000,273300000
464,Lara Croft: Tomb Raider: The Cradle of Life,90000000,65700000,157100000
2045,Last Vegas,28000000,63900000,112900000
1057,Law Abiding Citizen,53000000,73400000,131200000
1844,Lee Daniels' The Butler,30000000,116600000,177000000
2767,Legally Blonde,18000000,96500000,141800000
2169,"Legally Blonde 2: Red, White & Blonde",25000000,90600000,125300000
389,Legend of the Guardians: The Owls of Ga'Hoole,100000000,55700000,139700000
1867,Legends of the Fall,30000000,66500000,160500000
374,Lemony Snicket's A Series of Unfortunate Events,100000000,118600000,213000000
777,Les Miserables,65000000,148800000,442200000
3011,Lethal Weapon,15000000,65200000,120200000
1629,Lethal Weapon 3,35000000,144700000,319700000
211,Lethal Weapon 4,140000000,130400000,285400000
1888,Letters to Juliet,30000000,53000000,82100000
2868,Letâs Be Cops,17000000,82400000,136900000
1251,Liar Liar,45000000,181400000,302700000
650,Life,75000000,64100000,73500000
1563,Life as We Know It,38000000,53400000,105900000
287,Life of Pi,120000000,125000000,620900000
1887,Life of the Party,30000000,53100000,65800000
4254,Lights Out,5000000,67300000,148800000
545,Lilo & Stitch,80000000,145800000,245800000
2090,Limitless,27000000,79200000,155600000
772,Lincoln,65000000,182200000,273300000
369,Little Fockers,100000000,148400000,310700000
821,Little Man,64000000,58600000,101600000
3865,Little Miss Sunshine,8000000,59900000,100600000
320,Live Free or Die Hard,110000000,134500000,382300000
258,Logan,127000000,226300000,615500000
879,London Has Fallen,60000000,62500000,195200000
1383,Lone Survivor,40000000,125100000,149800000
1868,Looper,30000000,66500000,170500000
577,Lost In Space,80000000,69100000,136000000
1277,Love Actually,45000000,59500000,248500000
1382,Lucy,40000000,126600000,457500000
4588,M*A*S*H,3500000,81600000,81600000
174,Mad Max: Fury Road,150000000,153600000,370100000
632,Madagascar,75000000,193600000,556600000
196,Madagascar 3: Europe's Most Wanted,145000000,216400000,746900000
170,Madagascar: Escape 2 Africa,150000000,180200000,599700000
2857,Madea Goes To Jail,17500000,90500000,90500000
2191,Madea's Big Happy Family,25000000,53300000,54200000
3547,Madea's Family Reunion,10000000,63300000,63300000
3987,Magic Mike,7000000,113700000,170500000
3165,Magic Mike XXL,14500000,66000000,123700000
999,Maid in Manhattan,55000000,93900000,163800000
83,Maleficent,180000000,241400000,758500000
3008,Mama,15000000,71600000,148100000
1067,Mamma Mia!,52000000,144100000,615700000
28,Man of Steel,225000000,291000000,668000000
868,Man on Fire,60000000,77900000,131000000
846,Marley & Me,60000000,143200000,247800000
4116,Mary Poppins,6000000,102300000,102300000
244,Mary Poppins Returns,130000000,172000000,341500000
229,Master and Commander: The Far Side of the World,135000000,93900000,212900000
839,Maze Runner: The Death Cure,61000000,58000000,265900000
837,Maze Runner: The Scorch Trials,61000000,81700000,310600000
2519,Me Before You,20000000,56200000,208300000
1076,"Me, Myself & Irene",51000000,90600000,149300000
2768,Mean Girls,18000000,86000000,131000000
842,Meet the Fockers,60000000,279200000,516600000
985,Meet the Parents,55000000,166200000,330400000
246,Megamind,130000000,148400000,321900000
509,Memoirs of a Geisha,85000000,57000000,161500000
438,Men in Black,90000000,250700000,587800000
208,Men in Black 2,140000000,190400000,441800000
34,Men in Black 3,215000000,179000000,654200000
1890,Message in a Bottle,30000000,52900000,52900000
233,Miami Vice,135000000,63500000,163800000
876,Michael Jackson's This Is It,60000000,72100000,252100000
1882,Midnight in Paris,30000000,56800000,162500000
1853,Million Dollar Baby,30000000,100500000,231900000
672,Minions,74000000,336000000,1160300000
360,Minority Report,102000000,132000000,358800000
2044,Miracle,28000000,64400000,64500000
3249,Miracles from Heaven,13000000,61700000,73800000
506,Mirror Mirror,85000000,64900000,173600000
1256,Miss Congeniality,45000000,106800000,213400000
329,Miss Peregrineâs Home for Peculiar Children,110000000,87200000,296000000
468,Mission to Mars,90000000,60900000,106000000
539,Mission: Impossible,80000000,181000000,457700000
283,Mission: Impossible 2,120000000,215400000,549600000
179,Mission: Impossible III,150000000,133500000,397500000
91,Mission: ImpossibleâFallout,178000000,220200000,787500000
197,Mission: ImpossibleâGhost Protocol,145000000,209400000,694700000
167,Mission: ImpossibleâRogue Nation,150000000,195000000,688900000
161,Moana,150000000,248800000,637500000
794,Mona Lisa Smile,65000000,63800000,141200000
1114,Moneyball,50000000,75600000,111300000
647,Monster House,75000000,73700000,141300000
1265,Monster-in-Law,45000000,82900000,155900000
52,Monsters University,200000000,268500000,743600000
103,Monsters vs. Aliens,175000000,198400000,381700000
306,"Monsters, Inc.",115000000,289400000,559800000
1825,Moonraker,31000000,70300000,210300000
2509,Mortal Kombat,20000000,70400000,122100000
1060,Moulin Rouge,53000000,57400000,179200000
1560,Mouse Hunt,38000000,61900000,61900000
1093,Mr. Deeds,50000000,126300000,171300000
1823,Mr. Hollandâs Opus,31000000,82600000,106300000
200,Mr. Peabody & Sherman,145000000,111500000,269800000
1008,Mr. Poppers's Penguins,55000000,68200000,189600000
317,Mr. and Mrs. Smith,110000000,186300000,486100000
2160,Mrs. Doubtfire,25000000,219200000,441300000
448,Mulan,90000000,120600000,303500000
994,Murder on the Orient Express,55000000,102800000,345900000
1243,My Best Friend's Wedding,46000000,126800000,298900000
4247,My Big Fat Greek Wedding,5000000,241400000,374900000
2776,My Big Fat Greek Wedding 2,18000000,59700000,92100000
3471,My Cousin Vinny,11000000,52900000,52900000
2870,My Fair Lady,17000000,72000000,72100000
2918,My Girl,16500000,58000000,58000000
1855,Mystic River,30000000,90100000,156800000
1792,Nacho Libre,32000000,80200000,99300000
4663,National Lampoon's Animal House,3000000,141600000,141600000
3013,National Lampoonâs Vacation,15000000,61400000,61400000
367,National Treasure,100000000,173000000,331300000
2763,Neighbors,18000000,150100000,270900000
1655,Neighbors 2: Sorority Rising,35000000,55300000,108800000
1608,Never Say Never Again,36000000,55500000,160000000
2130,New Yearâs Eve,26000000,54500000,146900000
3752,Next Friday,9500000,57200000,59700000
2015,Night School,29000000,77300000,103000000
316,Night at the Museum,110000000,250900000,579400000
172,Night at the Museum: Battle of the Smithsonian,150000000,177200000,402200000
259,Night at the Museum: Secret of the Tomb,127000000,113700000,353800000
2180,No Country for Old Men,25000000,74300000,164000000
3243,No Good Deed,13200000,52500000,54300000
2183,No Strings Attached,25000000,70700000,149200000
250,Noah,130000000,101200000,352800000
1101,Non-Stop,50000000,91700000,222400000
1344,Notting Hill,42000000,116100000,363700000
640,Now You See Me,75000000,117700000,342800000
465,Now You See Me 2,90000000,65100000,328300000
526,Nutty Professor II: The Klumps,84000000,123300000,166300000
292,Oblivion,120000000,89100000,287900000
2511,Obsessed,20000000,68300000,74000000
489,Ocean's Eleven,85000000,183400000,450700000
500,Ocean's Thirteen,85000000,117100000,311700000
322,Ocean's Twelve,110000000,125500000,363000000
698,Oceanâs 8,70000000,140200000,297100000
2082,Octopussy,27500000,67900000,187500000
1280,Office Christmas Party,45000000,54800000,91300000
2333,Old School,24000000,75200000,86800000
708,Olympus Has Fallen,70000000,98900000,172900000
2018,Once Upon a Time in Mexico,29000000,56300000,97400000
4459,One Flew Over the Cuckoo's Nest,4400000,109000000,109000000
2128,Open Range,26000000,58300000,68600000
503,Open Season,85000000,85100000,191900000
1824,Out of Africa,31000000,79100000,258200000
1118,Outbreak,50000000,67800000,190000000
544,Over the Hedge,80000000,155000000,343400000
53,Oz the Great and Powerful,200000000,234800000,490400000
1885,P.S. I Love You,30000000,53700000,155800000
71,Pacific Rim,190000000,101800000,411000000
149,Pacific Rim: Uprising,155000000,59900000,290900000
1004,Paddington,55000000,76200000,258800000
1216,Panic Room,48000000,95300000,196300000
888,ParaNorman,60000000,56000000,108100000
5492,Paranormal Activity,450000,107900000,194200000
4664,Paranormal Activity 2,3000000,84800000,177500000
4250,Paranormal Activity 3,5000000,104000000,207000000
4258,Paranormal Activity 4,5000000,53900000,142800000
2178,Parental Guidance,25000000,77300000,120800000
327,Passengers,110000000,100000000,302200000
1089,Patch Adams,50000000,135000000,202200000
1264,Patriot Games,45000000,83300000,178100000
3356,Patton,12000000,62500000,62500000
2119,Paul Blart: Mall Cop,26000000,146300000,185900000
1559,Paul Blart: Mall Cop 2,38000000,71100000,107700000
1109,Payback,50000000,81500000,161600000
890,Paycheck,60000000,53800000,98800000
152,Pearl Harbor,151500000,198500000,449200000
236,Penguins of Madagascar,132000000,83400000,366900000
416,Percy Jackson & the Olympians: The Lightning Thief,95000000,88800000,223100000
463,Percy Jackson: Sea of Monsters,90000000,68600000,200900000
3460,Pet Sematary,11500000,57500000,57500000
4476,Peter Pan,4000000,87400000,87400000
1096,Peter Rabbit,50000000,115200000,347100000
790,Peteâs Dragon,65000000,76200000,137800000
1789,Phenomenon,32000000,104600000,152000000
2125,Philadelphia,26000000,77300000,201300000
2124,Pineapple Express,26000000,87300000,102400000
4867,Pinocchio,2289247,84300000,84300000
7,Pirates of the Caribbean: At Worldâs End,300000000,309400000,963400000
27,Pirates of the Caribbean: Dead Manâs Chest,225000000,423300000,1066200000
24,Pirates of the Caribbean: Dead Men Tell No Tales,230000000,172600000,788200000
1,Pirates of the Caribbean: On Stranger Tides,410600000,241100000,1045700000
205,Pirates of the Caribbean: The Curse of the Black Pearl,140000000,305400000,635000000
2874,Pitch Perfect,17000000,65000000,116000000
2013,Pitch Perfect 2,29000000,184300000,287600000
1257,Pitch Perfect 3,45000000,104900000,185700000
458,Pixels,90000000,78800000,244000000
1123,Planes: Fire and Rescue,50000000,59200000,156400000
366,Planet of the Apes,100000000,180000000,362200000
4113,Platoon,6000000,138000000,138000000
987,Pocahontas,55000000,141600000,347100000
1857,Pokemon: The First Movie,30000000,85700000,163600000
175,PokÃ©mon: Detective Pikachu,150000000,139500000,411300000
4423,Police Academy,4500000,81200000,81200000
3521,Poltergeist,10700000,74700000,121700000
4475,Porky's,4000000,109500000,109500000
144,Poseidon,160000000,60700000,181700000
293,Power Rangers,120000000,85400000,142500000
2775,Predator,18000000,59700000,98300000
3171,Pretty Woman,14000000,178400000,432600000
62,Prince of Persia: Sands of Time,200000000,90800000,336400000
1247,Prisoners,46000000,61000000,113400000
3009,Private Benjamin,15000000,69800000,69800000
3357,Project X,12000000,54700000,103000000
274,Prometheus,125000000,126500000,402400000
358,Public Enemies,102500000,97100000,212300000
3861,Pulp Fiction,8000000,107900000,212900000
245,Puss in Boots,130000000,149300000,555000000
25,Quantum of Solace,230000000,169400000,591700000
1005,R.V.,55000000,71700000,87500000
527,RED 2,84000000,53300000,141500000
1119,Race to Witch Mountain,50000000,67200000,105100000
2486,Raiders of the Lost Ark,20000000,225700000,367500000
2161,Rain Man,25000000,172800000,412800000
102,Ralph Breaks The Internet,175000000,201100000,524300000
958,Rambo III,58000000,53700000,188700000
1328,Rambo: First Blood Part II,44000000,150400000,300400000
289,Rampage,120000000,101000000,428100000
228,Rango,135000000,123500000,245700000
699,Ransom,70000000,136500000,308700000
1223,Rat Race,48000000,56600000,86600000
164,Ratatouille,150000000,206400000,626500000
1407,Ray,40000000,75300000,124800000
177,Ready Player One,150000000,137700000,579300000
330,Real Steel,110000000,85500000,263900000
862,Red,60000000,90400000,196400000
613,Red Dragon,78000000,93000000,206500000
2129,Red Eye,26000000,57900000,96700000
1845,Remember the Titans,30000000,115700000,136700000
969,Resident Evil: Afterlife,57500000,60100000,295900000
2166,Ride Along,25000000,134200000,153700000
1394,Ride Along 2,40000000,90900000,124800000
445,Rio,90000000,143600000,487500000
248,Rio 2,130000000,131500000,492800000
201,Rise of the Guardians,145000000,103400000,306900000
430,Rise of the Planet of the Apes,93000000,176800000,471000000
2929,Road Trip,16000000,68500000,119700000
556,Road to Perdition,80000000,104100000,183400000
38,Robin Hood,210000000,105500000,322500000
1085,Robin Hood: Prince of Thieves,50000000,165500000,390500000
295,RoboCop,120000000,58600000,243000000
550,Robots,80000000,128200000,260700000
1370,Rocketman,41000000,57300000,108600000
5210,Rocky,1000000,117200000,225000000
2334,Rocky Balboa,24000000,70300000,156200000
44,Rogue One: A Star Wars Story,200000000,532200000,1049100000
2042,Role Models,28000000,67300000,94500000
2188,Romeo Must Die,25000000,56000000,91000000
1863,Rugrats in Paris,30000000,76500000,103300000
880,Rules of Engagement,60000000,61300000,71700000
696,Runaway Bride,70000000,152300000,310100000
1630,Rush Hour,35000000,141200000,245300000
440,Rush Hour 2,90000000,226200000,347400000
86,Rush Hour 3,180000000,140100000,256600000
703,S.W.A.T.,70000000,116900000,207200000
959,Sabrina,58000000,53500000,87100000
2040,Safe Haven,28000000,71400000,94100000
498,Safe House,85000000,126200000,208500000
202,Sahara,145000000,68700000,121700000
249,Salt,130000000,118300000,290700000
318,San Andreas,110000000,155200000,456300000
2727,Sausage Party,19000000,97700000,141300000
3246,Save the Last Dance,13000000,91000000,122200000
1636,Saving Mr. Banks,35000000,83300000,115000000
770,Saving Private Ryan,65000000,216300000,485000000
5156,Saw,1200000,56000000,103900000
4251,Saw II,5000000,87000000,152900000
3540,Saw III,10000000,80200000,163900000
3546,Saw IV,10000000,63300000,135800000
3516,Saw V,10800000,56700000,118200000
2725,Scary Movie,19000000,157000000,277200000
1269,Scary Movie 2,45000000,71300000,141200000
1255,Scary Movie 3,45000000,110000000,155200000
1395,Scary Movie 4,40000000,90700000,178700000
2168,Schindlerâs List,25000000,96900000,322200000
2505,School of Rock,20000000,81300000,131900000
525,Scooby-Doo,84000000,153300000,276300000
2170,Scooby-Doo 2: Monsters Unleashed,25000000,84200000,181200000
3000,Scream,15000000,103000000,173000000
2332,Scream 2,24000000,101400000,172400000
1397,Scream 3,40000000,89100000,161800000
1793,Scrooged,32000000,59500000,59500000
1854,Se7en,30000000,100100000,328100000
2728,Sea of Love,19000000,58600000,58600000
486,Seabiscuit,86000000,120300000,148700000
1652,Secretariat,35000000,59700000,60400000
1051,Seven Pounds,54000000,70000000,166600000
968,Sex and the City,57500000,152600000,415200000
415,Sex and the City 2,95000000,95300000,294700000
1055,Shaft,53012938,70300000,107200000
2122,Shakespeare in Love,26000000,100300000,279500000
1425,Shall We Dance?,40000000,57900000,118100000
1412,Shallow Hal,40000000,70800000,70800000
1122,Shanghai Knights,50000000,60500000,88300000
1013,Shanghai Noon,55000000,56900000,71200000
634,Shark Tale,75000000,161400000,371900000
496,Shazam!,85000000,139600000,362900000
3545,She's All That,10000000,63500000,63500000
441,Sherlock Holmes,90000000,209000000,498400000
268,Sherlock Holmes: A Game of Shadows,125000000,186800000,535700000
1082,Shrek,50000000,267700000,491800000
692,Shrek 2,70000000,441200000,937000000
126,Shrek Forever After,165000000,238700000,756200000
136,Shrek the Third,160000000,322700000,807300000
551,Shutter Island,80000000,128000000,299500000
2871,Sideways,17000000,71500000,109800000
691,Signs,70702619,228000000,408300000
2458,Silver Linings Playbook,21000000,132100000,236400000
1408,Sin City,40000000,74100000,158500000
628,Sing,75000000,270300000,634500000
1856,Sisters,30000000,87000000,106000000
573,"Six Days, Seven Nights",80000000,74300000,164800000
1646,Sky High,35000000,63900000,83100000
51,Skyfall,200000000,304400000,1110500000
277,Skyscraper,125000000,68400000,304100000
1329,Sleepers,44000000,53300000,165600000
705,Sleepy Hollow,70000000,101100000,207100000
3173,Slumdog Millionaire,14000000,141300000,384500000
1428,Small Soldiers,40000000,55100000,71700000
568,Smallfoot,80000000,83200000,213700000
677,Snake Eyes,73000000,55600000,103900000
3250,Snow Day,13000000,60000000,62500000
1791,Snow Dogs,32000000,81200000,116900000
118,Snow White and the Huntsman,170000000,155100000,401000000
5117,Snow White and the Seven Dwarfs,1488000,184900000,184900000
11,Solo: A Star Wars Story,275000000,213800000,393200000
552,Something's Gotta Give,80000000,124700000,266700000
2410,Son of God,22000000,59700000,70900000
1795,Source Code,32000000,54700000,140400000
1891,Southpaw,30000000,52400000,94200000
787,Space Cowboys,65000000,90500000,128900000
566,Space Jam,80000000,90500000,250200000
1429,Spawn,40000000,55000000,87900000
1650,Species,35000000,60100000,113400000
9,Spectre,300000000,200100000,879600000
1842,Speed,30000000,121200000,283200000
218,Spider-Man,139000000,403700000,821700000
49,Spider-Man 2,200000000,373500000,795100000
15,Spider-Man 3,258000000,336500000,894900000
98,Spider-Man: Homecoming,175000000,334200000,880200000
443,Spider-Man: Into The Spider-Verse 3D,90000000,190200000,375400000
574,Spirit: Stallion of the Cimarron,80000000,73200000,106500000
3864,Splash,8000000,62600000,62600000
4249,Split,5000000,138100000,279000000
1858,SpongeBob SquarePants: The Movie,30000000,85400000,142100000
466,Spy Game,90000000,62400000,143000000
1634,Spy Kids,35000000,112700000,197700000
1556,Spy Kids 2: The Island of Lost Dreams,38000000,85800000,119700000
1386,Spy Kids 3-D: Game Over,40000000,111800000,167900000
782,Spy!,65000000,110800000,232600000
206,Star Trek,140000000,257700000,386800000
78,Star Trek Beyond,185000000,158800000,335800000
3347,Star Trek II: The Wrath of Khan,12000000,78900000,95800000
2769,Star Trek III: The Search for Spock,18000000,76500000,87000000
2331,Star Trek IV: The Voyage Home,24000000,109700000,133000000
67,Star Trek Into Darkness,190000000,228800000,467400000
2091,Star Trek VI: The Undiscovered Country,27000000,74900000,96900000
1245,Star Trek: First Contact,46000000,92000000,150000000
1557,Star Trek: Generations,38000000,75700000,120000000
715,Star Trek: Insurrection,70000000,70200000,117800000
1637,Star Trek: The Motion Picture,35000000,82300000,139000000
303,Star Wars Ep. I: The Phantom Menace,115000000,474500000,1027000000
305,Star Wars Ep. II: Attack of the Clones,115000000,310700000,656700000
304,Star Wars Ep. III: Revenge of the Sith,115000000,380300000,849000000
3464,Star Wars Ep. IV: A New Hope,11000000,461000000,786600000
2367,Star Wars Ep. V: The Empire Strikes Back,23000000,290300000,534200000
1783,Star Wars Ep. VI: Return of the Jedi,32500000,309200000,572700000
5,Star Wars Ep. VII: The Force Awakens,306000000,936700000,2053300000
4,Star Wars Ep. VIII: The Last Jedi,317000000,620200000,1316700000
1006,Stargate,55000000,71600000,196600000
390,Starship Troopers,100000000,54800000,121100000
863,Starsky & Hutch,60000000,88200000,170200000
784,Step Brothers,65000000,100500000,128500000
3353,Step Up,12000000,65300000,111000000
2858,Step Up 2 the Streets,17500000,58000000,148600000
1102,Stepmom,50000000,91100000,159700000
3178,Stomp the Yard,14000000,61400000,75500000
714,Storks,70000000,72700000,183400000
2034,Straight Outta Compton,28000000,161200000,202200000
3539,Stripes,10000000,85300000,85300000
348,Stuart Little,105000000,140000000,298800000
294,Stuart Little 2,120000000,65000000,166000000
99,Suicide Squad,175000000,325100000,746100000
849,Sully,60000000,125100000,238500000
1092,Super 8,50000000,127000000,258000000
2856,Superbad,17500000,121500000,170000000
988,Superman,55000000,134200000,300200000
1048,Superman II,54000000,108200000,108200000
1545,Superman III,39000000,60000000,60000000
23,Superman Returns,232000000,200100000,374100000
387,Surf's Up,100000000,58900000,145400000
1554,Sweet Home Alabama,38000000,127200000,182400000
575,Swordfish,80000000,69800000,147100000
1656,TMNT,35000000,54100000,96100000
2049,Tag,28000000,54700000,77000000
2165,Taken,25000000,145000000,226900000
1253,Taken 2,45000000,139900000,377800000
1217,Taken 3,48000000,89300000,327700000
1794,Takers,32000000,57700000,70600000
675,Talladega Nights: The Ballad of Ricky Bobby,73000000,148200000,162900000
2502,Tammy,20000000,84500000,96400000
14,Tangled,260000000,200800000,586500000
1011,Tango & Cash,55000000,63400000,63400000
199,Tarzan,145000000,171100000,448200000
1083,Ted,50000000,218700000,556000000
754,Ted 2,68000000,81500000,217200000
3232,Teenage Mutant Ninja Turtles,13500000,135300000,202000000
2177,Teenage Mutant Ninja Turtles II: The Secret of the Ooze,25000000,78700000,78700000
231,Teenage Mutant Ninja Turtles: Out of the Shadows,135000000,82100000,245300000
364,Terminator 2: Judgment Day,100000000,203500000,515400000
119,Terminator 3: Rise of the Machines,170000000,150400000,433100000
60,Terminator Salvation,200000000,125300000,365500000
148,Terminator: Genisys,155000000,89800000,432200000
2121,The 40 Year-old Virgin,26000000,109400000,177300000
331,The A-Team,110000000,77200000,177200000
722,The Abyss,70000000,54200000,54200000
1399,The Accountant,40000000,86300000,153000000
1848,The Addams Family,30000000,113500000,191500000
1080,The Adjustment Bureau,50200000,62500000,126900000
251,The Adventures of Tintin,130000000,77600000,374000000
30,The Amazing Spider-Man,220000000,262000000,757900000
55,The Amazing Spider-Man 2,200000000,202900000,709000000
831,The American President,62000000,60000000,107800000
2757,The Amityville Horror,18500000,65200000,109200000
676,The Angry Birds Movie,73000000,107500000,352300000
2411,The Animal,22000000,55800000,55800000
26,The Avengers,225000000,623300000,1517900000
326,The Aviator,110000000,102600000,208400000
216,The BFG,140000000,55500000,199600000
1651,The Benchwarmers,35000000,59800000,65100000
2483,The Best Little Whorehouse in Texas,20500000,69700000,69700000
2872,The Best Man Holiday,17000000,70500000,72800000
2041,The Big Short,28000000,70300000,133200000
5406,The Blair Witch Project,600000,140500000,248300000
1625,The Blind Side,35000000,256000000,305700000
2094,The Blues Brothers,27000000,57200000,57200000
2167,The Bodyguard,25000000,121900000,410900000
1220,The Bone Collector,48000000,66500000,151500000
563,The Book of Eli,80000000,94800000,158800000
2016,The Boss,29000000,63100000,78700000
270,The Boss Baby,125000000,175000000,510900000
1272,The Bounty Hunter,45000000,67100000,135800000
850,The Bourne Identity,60000000,121500000,214400000
275,The Bourne Legacy,125000000,113200000,280400000
490,The Bourne Supremacy,85000000,176100000,311000000
239,The Bourne Ultimatum,130000000,227500000,444000000
1068,The Break-Up,52000000,118700000,205700000
2409,The Bridges of Madison County,22000000,71500000,175500000
1261,The Bucket List,45000000,93500000,174800000
3251,The Butterfly Effect,13000000,57900000,95600000
1234,The Cable Guy,47000000,60200000,102800000
417,The Campaign,95000000,86900000,104900000
343,The Cat in the Hat,109000000,101000000,133800000
1649,The Cell,35000000,61300000,85900000
29,The Chronicles of Narnia: Prince Caspian,225000000,141600000,417300000
82,"The Chronicles of Narnia: The Lion, the Witch and the Wardrobe",180000000,291700000,720500000
147,The Chronicles of Narnia: The Voyage of the Dawn Treader,155000000,104400000,418200000
296,The Chronicles of Riddick,120000000,57700000,107200000
1262,The Client,45000000,92100000,117600000
3004,The Color Purple,15000000,93600000,93600000
2492,The Conjuring,20000000,137400000,318000000
1389,The Conjuring 2: The Enfield Poltergeist,40000000,102500000,311300000
1431,The Count of Monte Cristo,40000000,54200000,75400000
225,The Croods,135000000,187200000,573100000
4477,The Crying Game,4000000,62500000,62500000
142,The Curious Case of Benjamin Button,160000000,127500000,329600000
264,The Da Vinci Code,125000000,217500000,767800000
74,The Dark Knight,185000000,533700000,1002000000
10,The Dark Knight Rises,275000000,448100000,1084400000
269,The Day After Tomorrow,125000000,186700000,556300000
571,The Day the Earth Stood Still,80000000,79400000,237400000
446,The Departed,90000000,132400000,289700000
2504,The Descendants,20000000,82600000,175500000
5211,The Devil Inside,1000000,53300000,101800000
1632,The Devil Wears Prada,35000000,124700000,326100000
795,The Dictator,65000000,59700000,180100000
333,The Divergent Series: Allegiant,110000000,66200000,172000000
321,The Divergent Series: Insurgent,110000000,130200000,295100000
2092,The Divine Secrets of the Ya-Ya Sisterhood,27000000,69600000,73800000
1056,The Dukes of Hazzard,53000000,80300000,109800000
1106,The Emoji Movie,50000000,86100000,216600000
379,The Emperor's New Groove,100000000,89300000,169300000
1641,The English Patient,35000000,78700000,231700000
995,The Equalizer,55000000,101500000,192900000
620,The Equalizer 2,77000000,102100000,190500000
2770,The Exorcism of Emily Rose,18000000,75100000,144500000
3341,The Exorcist,12000000,230300000,428200000
533,The Expendables,82000000,103100000,268300000
380,The Expendables 2,100000000,85000000,312000000
869,The Family Man,60000000,75800000,124700000
2773,The Family Stone,18000000,60100000,92400000
1553,The Fast and the Furious,38000000,144500000,206500000
508,The Fast and the Furious: Tokyo Drift,85000000,62600000,157800000
22,The Fate of the Furious,250000000,225800000,1234800000
3342,The Fault in Our Stars,12000000,124900000,307200000
419,The Fifth Element,95000000,63600000,263900000
3467,The Fighter,11000000,93600000,129300000
1418,The Final Destination,40000000,66500000,187400000
1342,The Firm,42000000,158300000,270300000
3248,The First Purge,13000000,69500000,136600000
1852,The First Wives Club,30000000,105500000,181500000
1254,The Flintstones,45000000,130500000,358500000
1120,The Forgotten,50000000,66700000,117200000
1327,The Fugitive,44000000,183900000,353700000
2407,The Game Plan,22000000,90600000,146600000
855,The General's Daughter,60000000,102700000,149700000
1267,The Girl on the Train,45000000,75400000,174300000
450,The Girl with the Dragon Tattoo,90000000,102500000,239400000
3986,The Godfather,7000000,135000000,268500000
3252,The Godfather: Part II,13000000,57300000,57300000
1052,The Godfather: Part III,54000000,66500000,66500000
3346,The Golden Child,12000000,79800000,79800000
40,The Golden Compass,205000000,70100000,367300000
72,The Good Dinosaur,187500000,123100000,333800000
1826,The Grand Budapest Hotel,31000000,59100000,164000000
69,The Great Gatsby,190000000,144800000,351000000
524,The Greatest Showman,84000000,174300000,386700000
328,The Green Hornet,110000000,98800000,229200000
847,The Green Mile,60000000,136800000,290700000
3537,The Grudge,10000000,110400000,187300000
721,The Guardian,70000000,55000000,95000000
1624,The Hangover,35000000,277300000,465800000
356,The Hangover 3,103000000,112200000,362000000
538,The Hangover Part II,80000000,254500000,586500000
878,The Happening,60000000,64500000,162800000
832,The Hateful Eight,62000000,54100000,147900000
460,The Haunted Mansion,90000000,75800000,155800000
565,The Haunting,80000000,91200000,180200000
1334,The Heat,43000000,159600000,229700000
2162,The Help,25000000,169700000,213100000
1864,The Hitmanâs Bodyguard,30000000,75500000,172800000
18,The Hobbit: An Unexpected Journey,250000000,303000000,1017000000
21,The Hobbit: The Battle of the Five Armies,250000000,255100000,945600000
20,The Hobbit: The Desolation of Smaug,250000000,258400000,960400000
507,The Holiday,85000000,63300000,205200000
872,The Horse Whisperer,60000000,75400000,186900000
1415,The House with a Clock in its Walls,40000000,68500000,126300000
378,The Hunchback of Notre Dame,100000000,100100000,325500000
2412,The Hundred-Foot Journey,22000000,54200000,94300000
537,The Hunger Games,80000000,408000000,677900000
237,The Hunger Games: Catching Fire,130000000,424700000,864900000
261,The Hunger Games: Mockingjay - Part 1,125000000,337100000,766600000
138,The Hunger Games: Mockingjay - Part 2,160000000,281700000,649000000
1843,The Hunt for Red October,30000000,120700000,200500000
3005,The Imitation Game,15000000,91100000,227700000
221,The Incredible Hulk,137500000,134800000,265600000
432,The Incredibles,92000000,261400000,614700000
1405,The Intern,40000000,75800000,197100000
462,The Interpreter,90000000,72700000,162800000
853,The Italian Job,60000000,106100000,176300000
889,The Jackal,60000000,55000000,159400000
96,The Jungle Book,175000000,364000000,962900000
3862,The Karate Kid,8000000,90800000,90800000
793,The Kid,65000000,69700000,69700000
2996,The Kingâs Speech,15000000,138800000,430800000
407,The LEGO Movie 2: The Second Part,99000000,105800000,190300000
182,The Last Airbender,150000000,131800000,319700000
213,The Last Samurai,140000000,111100000,456800000
2514,The Last Song,20000000,63000000,92700000
1406,The Last of the Mohicans,40000000,75500000,75500000
615,The League of Extraordinary Gentlemen,78000000,66500000,179300000
87,The Legend of Tarzan,180000000,126600000,348900000
540,The Lego Batman Movie,80000000,175800000,310700000
843,The Lego Movie,60000000,257800000,457700000
719,The Lego Ninjago Movie,70000000,59300000,122700000
1424,The Lincoln Lawyer,40000000,58000000,87100000
608,The Lion King,79300000,421800000,986200000
12,The Lone Ranger,275000000,89300000,260000000
532,The Longest Yard,82000000,158100000,191600000
342,The Lord of the Rings: The Fellowship of the Ring,109000000,315500000,887200000
425,The Lord of the Rings: The Return of the King,94000000,377800000,1141400000
426,The Lord of the Rings: The Two Towers,94000000,342500000,934700000
630,The Lost World: Jurassic Park,75000000,229100000,618600000
2186,The Lucky One,25000000,60500000,96600000
454,The Magnificent Seven,90000000,93400000,162500000
1653,The Man in the Iron Mask,35000000,57000000,57000000
578,The Manchurian Candidate,80000000,65900000,96100000
345,The Martian,108000000,228400000,655300000
2765,The Mask,18000000,119900000,351600000
786,The Mask of Zorro,65000000,93800000,233700000
775,The Matrix,65000000,171500000,463500000
159,The Matrix Reloaded,150000000,281600000,738600000
176,The Matrix Revolutions,150000000,139300000,427300000
1759,The Maze Runner,34000000,102400000,348300000
93,The Meg,178000000,145400000,529500000
1417,The Mexican,40000000,66800000,145200000
713,The Monuments Men,70000000,78000000,158700000
1099,The Mule,50000000,103800000,170900000
64,The Mummy,195000000,80100000,410000000
409,The Mummy Returns,98000000,202000000,435000000
107,The Mummy: Tomb of the Dragon Emperor,175000000,102500000,405800000
3863,The Muppet Movie,8000000,76700000,76700000
1263,The Muppets,45000000,88600000,161000000
2369,The Naked Gun 2Â½: The Smell of Fear,23000000,86900000,86900000
1860,The Notebook,30000000,81000000,116000000
1871,The Nut Job,30000000,64300000,122500000
234,The Nutcracker and the Four Realms,132900000,54900000,170300000
989,The Nutty Professor,55000000,128800000,273800000
2189,The Omen,25000000,54600000,119300000
373,The Other Guys,100000000,119200000,170900000
1401,The Other Woman,40000000,83900000,195100000
2866,The Others,17000000,96500000,207800000
978,The Pacifier,56000000,113000000,198000000
2159,The Passion of the Christ,25000000,370800000,622300000
324,The Patriot,110000000,113300000,215300000
406,The Peanuts Movie,99000000,130200000,250100000
1259,The Pelican Brief,45000000,100800000,188000000
2777,The Perfect Guy,18000000,57000000,60300000
284,The Perfect Storm,120000000,182600000,328700000
569,The Pink Panther,80000000,82200000,158900000
117,The Polar Express,170000000,187200000,311400000
1108,The Post,50000000,81900000,179700000
1432,The Prestige,40000000,53100000,104400000
856,The Prince of Egypt,60000000,101400000,218600000
1865,The Prince of Tides,30000000,74800000,74800000
1850,The Princess Diaries,30000000,108200000,165300000
1260,The Princess Diaries 2: Royal Engagement,45000000,95100000,122100000
349,The Princess and the Frog,105000000,104400000,271000000
1378,The Proposal,40000000,164000000,314700000
4666,The Purge,3000000,64500000,91300000
3770,The Purge: Anarchy,9000000,71600000,111500000
3541,The Purge: Election Year,10000000,79000000,118500000
986,The Pursuit of Happyness,55000000,162600000,307300000
3015,The Queen,15000000,56400000,128900000
226,The Revenant,135000000,183600000,532900000
1214,The Ring,48000000,129100000,248200000
1112,The Ring Two,50000000,75900000,161900000
637,The Rock,75000000,134100000,336100000
2408,The Rookie,22000000,75600000,80500000
2050,The Royal Tenenbaums,28000000,52400000,71400000
2036,The Rugrats Movie,28000000,100500000,140900000
467,The Saint,90000000,61400000,169400000
2406,The Santa Clause,22000000,144800000,189800000
778,The Santa Clause 2,65000000,139200000,172800000
755,The Score,68000000,71100000,113500000
861,The Scorpion King,60000000,90600000,165900000
625,The Secret Life of Pets,75000000,368400000,886800000
580,The Secret Life of Pets 2,80000000,63800000,113400000
436,The Secret Life of Walter Mitty,91000000,58200000,187900000
881,The Shaggy Dog,60000000,61100000,87100000
3253,The Shallows,13000000,55100000,118800000
2718,The Shape of Water,19500000,63900000,195800000
2495,The Silence of the Lambs,20000000,130700000,275700000
679,The Simpsons Movie,72500000,183100000,527100000
1374,The Sixth Sense,40000000,293500000,672800000
319,The Smurfs,110000000,142600000,563700000
332,The Smurfs 2,110000000,71000000,348500000
1390,The Social Network,40000000,97000000,224900000
143,The Sorcerer's Apprentice,160000000,63200000,218000000
3859,The Sound of Music,8200000,163200000,286200000
1279,The Specialist,45000000,57400000,57400000
431,The Spiderwick Chronicles,92500000,71200000,162800000
673,The SpongeBob Movie: Sponge Out of Water,74000000,163000000,311000000
386,The Stepford Wives,100000000,59500000,96200000
4213,The Sting,5500000,159600000,159600000
3772,The Strangers,9000000,52600000,83100000
753,The Sum of All Fears,68000000,118500000,193500000
334,The Taking of Pelham 123,110000000,65500000,152400000
1404,The Talented Mr. Ripley,40000000,81300000,128800000
3233,The Ten Commandments,13500000,85400000,85400000
645,The Terminal,75000000,77100000,218700000
3768,The Texas Chainsaw Massacre,9000000,80600000,108000000
1218,The Thomas Crown Affair,48000000,69300000,124300000
582,The Time Machine,80000000,56700000,99000000
1544,The Time Traveler's Wife,39000000,63400000,102300000
384,The Tourist,100000000,67600000,278700000
1591,The Town,37000000,92200000,152600000
848,The Truman Show,60000000,125600000,264100000
256,"The Twilight Saga: Breaking Dawn, Part 1",127500000,281300000,689400000
224,"The Twilight Saga: Breaking Dawn, Part 2",136200000,292300000,829700000
752,The Twilight Saga: Eclipse,68000000,300500000,706100000
1081,The Twilight Saga: New Moon,50000000,296600000,687600000
1555,The Ugly Truth,38000000,88900000,205300000
2179,The Untouchables,25000000,76300000,76300000
1584,The Upside,37500000,108200000,119000000
2930,The Verdict,16000000,54000000,54000000
689,The Village,71682975,114200000,257600000
4255,The Visit,5000000,65200000,98700000
1841,The Vow,30000000,125000000,197600000
2368,The Waterboy,23000000,161500000,190200000
2046,The Wedding Planner,28000000,60400000,94700000
2372,The Wedding Ringer,23000000,64500000,80200000
2337,The Whole Nine Yards,24000000,57300000,85500000
375,The Wolf of Wall Street,100000000,116900000,389900000
190,The Wolfman,150000000,62200000,142600000
307,The Wolverine,115000000,132600000,416500000
3017,The Woman in Black,15000000,54300000,129000000
227,The World is Not Enough,135000000,126900000,361700000
768,The X Files: Fight the Future,66000000,83900000,189200000
2405,There's Something About Mary,22000000,176500000,369900000
3344,Think Like a Man,12000000,91500000,113400000
2335,Think Like a Man Too,24000000,65000000,70000000
797,This Means War,65000000,54800000,157000000
1644,This is 40,35000000,67500000,90200000
1790,This is the End,32000000,101500000,126500000
169,Thor,150000000,181000000,449300000
81,Thor: Ragnarok,180000000,315100000,847000000
165,Thor: The Dark World,150000000,206400000,644600000
3358,"Three Billboards Outside Ebbing, Missouri",12000000,54500000,160200000
1221,Three Kings,48000000,60700000,107800000
3771,Thunderball,9000000,63600000,141200000
1281,Tin Cup,45000000,53900000,75900000
42,Titanic,200000000,659400000,2208200000
469,Tomb Raider,90000000,58300000,273500000
2187,Tombstone,25000000,56500000,56500000
323,Tomorrow Never Dies,110000000,125300000,339500000
122,Tomorrowland,170000000,93400000,206600000
1222,Tooth Fairy,48000000,60000000,112600000
2994,Tootsie,15000000,177200000,177200000
2993,Top Gun,15000000,179800000,356800000
278,Total Recall,125000000,58900000,211900000
504,Tower Heist,85000000,78000000,150400000
3174,Towering Inferno,14000000,116000000,139700000
1836,Toy Story,30000000,191800000,364500000
439,Toy Story 2,90000000,245900000,511400000
46,Toy Story 3,200000000,415000000,1068900000
1215,Traffic,48000000,124100000,208300000
1266,Training Day,45000000,76300000,104500000
1635,Trainwreck,35000000,110200000,141100000
153,Transformers,151000000,319200000,708300000
36,Transformers: Age of Extinction,210000000,245400000,1104000000
63,Transformers: Dark of the Moon,195000000,352400000,1123800000
35,Transformers: Revenge of the Fallen,210000000,402100000,836500000
32,Transformers: The Last Knight,217000000,130200000,602900000
272,Trolls,125000000,153700000,344200000
57,Tron: Legacy,200000000,172100000,400100000
449,Tropic Thunder,90000000,110500000,191100000
181,Troy,150000000,133300000,484200000
1628,True Grit,35000000,171200000,252300000
370,True Lies,100000000,146300000,365300000
230,Turbo,135000000,83000000,286900000
1588,Twilight,37000000,192800000,402300000
2999,Twins,15000000,111900000,216600000
481,Twister,88000000,241700000,495700000
859,Two Weeks Notice,60000000,93400000,199000000
2192,Tyler Perry's A Madea Christmas,25000000,52500000,52500000
2513,Tyler Perry's Madea's Witness Protection,20000000,65700000,67000000
2508,Tyler Perryâs Boo! A Madea Halloween,20000000,73200000,73200000
830,U-571,62000000,77100000,127600000
674,Unbreakable,73243106,95000000,248100000
781,Unbroken,65000000,115600000,163500000
718,Underworld: Awakening,70000000,62300000,160400000
1275,Underworld: Evolution,45000000,62300000,113400000
1130,Unfaithful,50000000,52800000,119100000
3169,Unforgiven,14400000,101200000,159200000
1420,Unknown,40000000,63700000,136100000
418,Unstoppable,95000000,81600000,165700000
100,Up,175000000,293000000,731500000
1859,Up in the Air,30000000,83800000,166800000
2487,Us,20000000,175000000,254200000
1117,V for Vendetta,50000000,70500000,130200000
1827,Vacation,31000000,58900000,102300000
1069,Valentine's Day,52000000,110500000,217600000
457,Valkyrie,90000000,83100000,203900000
120,Van Helsing,170000000,120200000,300200000
706,Vanilla Sky,70000000,100600000,202700000
1410,Vantage Point,40000000,72300000,150900000
2931,Varsity Blues,16000000,52900000,54300000
302,Venom,116000000,213500000,853600000
648,Vertical Limit,75000000,68500000,213500000
85,WALL-E,180000000,223800000,532500000
2014,Walk the Line,29000000,119500000,187700000
723,Wall Street 2: Money Never Sleeps,70000000,52500000,137400000
1884,Wallace & Gromit: The Curse of the Were-Rabbit,30000000,56100000,197600000
636,Wanted,75000000,134500000,342400000
711,War Horse,70000000,79900000,156800000
4665,War Room,3000000,67800000,74000000
151,War for the Planet of the Apes,152000000,146900000,489600000
235,War of the Worlds,132000000,234300000,606800000
3349,WarGames,12000000,74400000,74400000
1869,Warm Bodies,30000000,66400000,115100000
219,Watchmen,138000000,107500000,187000000
1562,Water for Elephants,38000000,58700000,116800000
109,Waterworld,175000000,88200000,264200000
2496,Wayne's World,20000000,121700000,183100000
1113,We Bought a Zoo,50000000,75600000,118700000
712,We Were Soldiers,70000000,78100000,114700000
1589,We're the Millers,37000000,150400000,267800000
1375,Wedding Crashers,40000000,209200000,283200000
583,What Dreams May Come,80000000,55500000,71500000
1639,What Happens in Vegas...,35000000,80300000,218500000
444,What Lies Beneath,90000000,155500000,288700000
2520,What Men Want,20000000,54600000,69900000
771,What Women Want,65000000,182800000,374100000
2928,When Harry Met Sallyâ¦,16000000,92800000,93000000
381,Where the Wild Things Are,100000000,77200000,99100000
2510,White Chicks,20000000,69100000,111400000
189,White House Down,150000000,73100000,205400000
3548,White Noise,10000000,56100000,92100000
695,Who Framed Roger Rabbit?,70000000,154100000,351500000
2515,Why Did I Get Married Too?,20000000,60100000,60800000
3016,Why Did I Get Married?,15000000,55200000,55900000
1561,Why Him?,38000000,60300000,117400000
845,Wild Hogs,60000000,168200000,253600000
106,Wild Wild West,175000000,113800000,221200000
1881,Without a Paddle,30000000,58200000,65100000
3352,Witness,12000000,65500000,65500000
717,Wolf,70000000,65000000,131000000
2494,Wonder,20000000,132400000,304600000
154,Wonder Woman,150000000,412600000,821100000
792,World Trade Center,65000000,70300000,163300000
68,World War Z,190000000,202400000,531500000
186,Wrath of the Titans,150000000,83700000,305300000
130,Wreck-It Ralph,165000000,189400000,496500000
635,X-Men,75000000,157300000,296900000
265,X-Men 2,125000000,214900000,406900000
171,X-Men Origins: Wolverine,150000000,179900000,374800000
92,X-Men: Apocalypse,178000000,155400000,542500000
54,X-Men: Days of Future Past,200000000,233900000,747900000
141,X-Men: First Class,160000000,146400000,355400000
37,X-Men: The Last Stand,210000000,234400000,459300000
1100,Yes Man,50000000,97700000,226000000
561,Yogi Bear,80000000,100200000,204800000
452,You Don't Mess With the Zohan,90000000,100000000,202900000
780,You've Got Mail,65000000,115800000,250800000
1050,"You, Me and Dupree",54000000,75800000,130400000
4783,Young Frankenstein,2800000,86300000,86300000
1282,"Yours, Mine and Ours",45000000,53400000,72400000
1065,Zero Dark Thirty,52500000,95700000,134600000
2366,Zombieland,23600000,75600000,102200000
570,Zookeeper,80000000,80400000,170800000
156,Zootopia,150000000,341300000,1019400000
697,xXx,70000000,141900000,267200000
